,id,mode,ligne,x,y,geometry
0,0,RER,RER C,656121.8462999985,6845998.1466999985,POINT (656121.8462992132 6845998.146596033)
1,1,RER,RER A,650849.5187000036,6863778.762600001,POINT (650849.5186991219 6863778.762496102)
2,2,RER,RER E,672031.7581999972,6856263.686000001,POINT (672031.758199496 6856263.685896073)
3,3,RER,RER C,648906.4362000003,6872840.741300002,POINT (648906.4361990826 6872840.741196133)
4,4,RER,RER A,664035.4267999977,6856434.997699998,POINT (664035.4267993531 6856434.997596067)
5,5,RER,RER A,652093.2251000032,6862619.066599999,POINT (652093.2250991439 6862619.066496095)
6,6,RER,RER D,652093.2251000032,6862619.066599999,POINT (652093.2250991439 6862619.066496095)
7,7,RER,RER C,649466.514200002,6849978.556600001,POINT (649466.5141990972 6849978.556496053)
8,8,RER,RER E,667206.3725000024,6864219.085000001,POINT (667206.372499414 6864219.084896101)
9,9,RER,RER C,654572.5890000015,6843467.919300001,POINT (654572.5889991889 6843467.919196026)
10,10,RER,RER A,664256.3285000026,6855143.671599999,POINT (664256.3284993622 6855143.671496064)
11,11,RER,RER B,657928.4900000021,6870237.487799998,POINT (657928.4899992467 6870237.4876961205)
12,12,RER,RER A,662274.7753000036,6856267.452300001,POINT (662274.7752993276 6856267.452196074)
13,13,RER,RER E,664161.4174999967,6858420.515299998,POINT (664161.4174993542 6858420.515196075)
14,14,RER,RER B,644504.6761000007,6846577.527800001,POINT (644504.6760990076 6846577.527696042)
15,15,RER,RER C,653907.8039999977,6849986.937800001,POINT (653907.8039991723 6849986.937696047)
16,16,RER,RER C,652325.4139999971,6842005.2007,POINT (652325.4139991443 6842005.2005960215)
17,17,RER,RER C,656127.793399997,6855736.0227999985,POINT (656127.7933992109 6855736.022696068)
18,18,RER,RER D,657276.6642000005,6877252.6000000015,POINT (657276.6641992326 6877252.5998961525)
19,19,RER,RER B,651053.1484000012,6859430.9166,POINT (651053.1483991237 6859430.916496084)
20,20,RER,RER E,650761.128700003,6864095.2749999985,POINT (650761.1286991197 6864095.274896097)
21,21,RER,RER D,652885.8017999977,6864829.589200001,POINT (652885.8017991524 6864829.589096106)
22,22,RER,RER C,643439.3790000007,6849245.970400002,POINT (643439.3789989881 6849245.97029605)
23,23,RER,RER C,646804.2192000002,6863555.7388,POINT (646804.2191990458 6863555.738696095)
24,24,RER,RER C,649744.5411999971,6843110.3649,POINT (649744.5411990981 6843110.364796028)
25,25,RER,RER B,648227.1941,6849441.8358,POINT (648227.1940990731 6849441.835696047)
26,26,RER,RER A,644171.369099997,6866011.145799998,POINT (644171.3690989951 6866011.145696109)
27,27,METRO,METRO 1,648356.9844999984,6864133.201000001,POINT (648356.984499072 6864133.200896102)
28,28,METRO,METRO 9,650687.2938999981,6863953.16,POINT (650687.2938991134 6863953.1598961)
29,29,METRO,METRO 9,655667.3330999985,6861158.643800002,POINT (655667.3330992035 6861158.643696091)
30,30,METRO,METRO 4,651811.8161000013,6861659.052900001,POINT (651811.8160991371 6861659.05279609)
31,31,METRO,METRO 1,644056.2663000003,6866067.740600001,POINT (644056.2662989963 6866067.740496109)
32,32,METRO,METRO 7bis,655157.0226999968,6864559.532499999,POINT (655157.0226991923 6864559.532396102)
33,33,METRO,METRO 10,644139.5371999964,6860486.666000001,POINT (644139.5371989948 6860486.665896092)
34,34,METRO,METRO 3,652810.0306999981,6863031.760600001,POINT (652810.0306991517 6863031.7604960995)
35,35,METRO,METRO 1,658110.0659999996,6860754.178300001,POINT (658110.0659992484 6860754.178196089)
36,36,METRO,METRO 7bis,655558.3764000013,6864814.757800002,POINT (655558.3763992039 6864814.757696101)
37,37,METRO,METRO 10,652417.6278000027,6860930.020399999,POINT (652417.6277991495 6860930.020296085)
38,38,METRO,METRO 13,651823.0209999979,6868980.440900002,POINT (651823.020999133 6868980.440796121)
39,39,METRO,METRO 13,649669.1079000011,6863282.342700001,POINT (649669.1078990983 6863282.342596103)
40,40,METRO,METRO 9,649348.2201000005,6863407.204799999,POINT (649348.2200990919 6863407.2046961)
41,41,METRO,METRO 3,650293.8317999989,6864518.863000002,POINT (650293.8317991071 6864518.862896105)
42,42,METRO,METRO 7bis,653809.563500002,6864900.627999999,POINT (653809.5634991733 6864900.627896099)
43,43,METRO,METRO 10,646004.7810000032,6861128.334899999,POINT (646004.7809990349 6861128.33479609)
44,44,METRO,METRO 9,645994.7057000026,6861124.074499998,POINT (645994.7056990342 6861124.074396091)
45,45,METRO,METRO 13,649716.2810999975,6863967.801100001,POINT (649716.2810990954 6863967.800996099)
46,46,METRO,METRO 9,649737.3332000002,6863963.523499999,POINT (649737.3331990985 6863963.523396098)
47,47,METRO,METRO 1,651659.1352000013,6862509.696199998,POINT (651659.1351991342 6862509.6960960915)
48,48,METRO,METRO 14,650541.9047999978,6863615.639699999,POINT (650541.9047991105 6863615.639596098)
49,49,METRO,METRO 7,651350.6755999997,6862737.2771999985,POINT (651350.6755991271 6862737.277096092)
50,50,METRO,METRO 6,656061.0275999978,6860723.858899999,POINT (656061.0275992099 6860723.858796084)
51,51,METRO,METRO 7bis,655478.7954000011,6864274.2381,POINT (655478.7953992024 6864274.2379961)
52,52,METRO,METRO 12,650739.5063000023,6860753.4256,POINT (650739.506299119 6860753.425496087)
53,53,METRO,METRO 9,653636.6172000021,6862961.983399998,POINT (653636.6171991704 6862961.983296096)
54,54,METRO,METRO 7,652830.3950999975,6861695.982900001,POINT (652830.3950991516 6861695.9827960925)
55,55,METRO,METRO 9,656846.5807000026,6861686.6193,POINT (656846.5806992287 6861686.619196089)
56,56,METRO,METRO 7,653148.7307000011,6861476.0205999985,POINT (653148.730699161 6861476.02049609)
57,57,METRO,METRO 11,655909.0693000033,6864106.8825,POINT (655909.0692992123 6864106.8823961)
58,58,METRO,METRO 3,653109.1970999986,6863132.522500001,POINT (653109.1970991575 6863132.522396098)
59,59,METRO,METRO 6,653965.0896999985,6859848.724100001,POINT (653965.0896991731 6859848.723996085)
60,60,METRO,METRO 3,652416.3506999984,6863136.157900002,POINT (652416.3506991449 6863136.157796099)
61,61,METRO,METRO 9,657661.7859999985,6861897.8455,POINT (657661.7859992391 6861897.845396091)
62,62,METRO,METRO 12,651436.8123999983,6864442.7809000015,POINT (651436.812399127 6864442.780796101)
63,63,METRO,METRO 10,650191.3228999972,6861188.8642,POINT (650191.3228991041 6861188.86409609)
64,64,METRO,METRO 13,647552.673299998,6870324.184900001,POINT (647552.6732990562 6870324.184796125)
65,65,METRO,METRO 14,654461.5219999999,6860173.5293999985,POINT (654461.5219991833 6860173.529296086)
66,66,METRO,METRO 13,650165.0829999968,6860467.533,POINT (650165.0829991032 6860467.5328960875)
67,67,METRO,METRO 3,657208.4602999985,6862969.669500001,POINT (657208.4602992309 6862969.669396098)
68,68,METRO,METRO 5,656177.9025999978,6865856.7161,POINT (656177.9025992114 6865856.715996103)
69,69,METRO,METRO 11,652382.376500003,6862130.693599999,POINT (652382.376499149 6862130.693496092)
70,70,METRO,METRO 3,648193.5958999991,6865341.9047,POINT (648193.5958990696 6865341.904596106)
71,71,METRO,METRO 4,650886.3835000023,6861433.6831,POINT (650886.3834991215 6861433.6829960905)
72,72,METRO,METRO 7,652811.9179999977,6858677.193500001,POINT (652811.9179991517 6858677.193396082)
73,73,METRO,METRO 10,651240.5210999995,6861647.0174,POINT (651240.521099125 6861647.017296093)
74,74,METRO,METRO 12,646673.8483999968,6858495.045200001,POINT (646673.8483990408 6858495.045096084)
75,75,METRO,METRO 8,655978.8011000007,6859354.0002,POINT (655978.8010992116 6859354.000096084)
76,76,METRO,METRO 5,653438.1344000027,6860443.941,POINT (653438.1343991677 6860443.940896089)
77,77,METRO,METRO 6,650559.8002000004,6860279.0962000005,POINT (650559.8001991139 6860279.096096084)
78,78,METRO,METRO 14,651235.3557000011,6868339.767299999,POINT (651235.3556991258 6868339.767196113)
79,79,RER,RER A,666964.7067999989,6860182.5075,POINT (666964.7067994066 6860182.507396087)
80,80,RER,RER D,663693.8775999993,6844442.4782,POINT (663693.8775993497 6844442.478096025)
81,81,RER,RER C,647017.9576999992,6861032.480099998,POINT (647017.9576990491 6861032.479996088)
82,82,METRO,METRO 2,654282.6401000023,6863764.614399999,POINT (654282.6400991821 6863764.614296098)
83,83,METRO,METRO 9,656113.6911000013,6861492.237399999,POINT (656113.6910992143 6861492.23729609)
84,84,METRO,METRO 7,652410.5319000036,6860215.855799999,POINT (652410.5318991502 6860215.855696088)
85,85,METRO,METRO 8,656911.0856999978,6858141.776700001,POINT (656911.0856992254 6858141.776596082)
86,86,METRO,METRO 4,652773.6543999985,6863814.277800001,POINT (652773.6543991512 6863814.277696101)
87,87,METRO,METRO 14,652051.9571999982,6862371.142700002,POINT (652051.9571991382 6862371.142596097)
88,88,METRO,METRO 7,652171.9988999963,6862075.815699998,POINT (652171.9988991385 6862075.815596094)
89,89,METRO,METRO 2,649305.8907999992,6864700.325300001,POINT (649305.8907990897 6864700.325196102)
90,90,METRO,METRO 8,648531.2392000034,6861287.754099999,POINT (648531.2391990805 6861287.753996091)
91,91,METRO,METRO 2,653493.1770000011,6865105.424899999,POINT (653493.1769991666 6865105.424796101)
92,92,METRO,METRO 8,651922.0719999969,6863669.574200001,POINT (651922.0719991344 6863669.574096099)
93,93,METRO,METRO 9,651922.0719999969,6863669.574200001,POINT (651922.0719991344 6863669.574096099)
94,94,METRO,METRO 13,650526.1560999975,6864144.388599999,POINT (650526.1560991099 6864144.388496098)
95,95,METRO,METRO 8,647028.4931000024,6859824.593699999,POINT (647028.4930990527 6859824.593596085)
96,96,METRO,METRO 8,649107.2127000019,6861873.7278,POINT (649107.2126990892 6861873.727696095)
97,97,METRO,METRO 8,653642.246299997,6862081.7146000005,POINT (653642.2462991655 6862081.714496095)
98,98,METRO,METRO 12,654388.1489999965,6867744.734099999,POINT (654388.1489991777 6867744.733996112)
99,99,RER,RER B,649468.2084999979,6853577.9767,POINT (649468.2084990926 6853577.976596067)
100,100,RER,RER C,642349.1489000022,6850387.488600001,POINT (642349.14889897 6850387.488496056)
101,101,RER,RER B,650648.8902999982,6855633.624699999,POINT (650648.8902991138 6855633.624596067)
102,102,RER,RER B,663037.8693000004,6870364.551199999,POINT (663037.8692993367 6870364.551096121)
103,103,RER,RER C,646718.0508999974,6875879.969700001,POINT (646718.05089904 6875879.969596145)
104,104,RER,RER E,669437.8835999966,6863871.753899999,POINT (669437.8835994483 6863871.753796096)
105,105,RER,RER B,651600.880400002,6857442.2267,POINT (651600.8803991345 6857442.226596075)
106,106,RER,RER B,655036.0121000037,6869549.1208,POINT (655036.0120991963 6869549.12069612)
107,107,RER,RER B,651114.3866000026,6856675.357999999,POINT (651114.3865991265 6856675.357896073)
108,108,RER,RER B,664446.9189999998,6874940.6592999995,POINT (664446.918999361 6874940.6591961365)
109,109,RER,RER A,641005.5192999989,6866424.833000001,POINT (641005.5192989402 6866424.83289611)
110,110,RER,RER A,661218.9659999982,6859489.168099999,POINT (661218.9659993028 6859489.167996084)
111,111,RER,RER E,660288.9576999992,6866430.200100001,POINT (660288.9576992865 6866430.199996109)
112,112,RER,RER C,637736.3447000012,6855494.968699999,POINT (637736.3446988855 6855494.968596069)
113,113,RER,RER A,663803.5173000023,6852513.954100002,POINT (663803.517299354 6852513.953996056)
114,114,RER,RER E,661953.9055000022,6864848.361000001,POINT (661953.9054993195 6864848.360896102)
115,115,RER,RER C,639137.6827000007,6855946.034899998,POINT (639137.68269891 6855946.034796071)
116,116,RER,RER D,662048.2876000032,6845287.303800002,POINT (662048.2875993241 6845287.303696033)
117,117,RER,RER B,668242.3008000031,6871666.439300001,POINT (668242.3007994328 6871666.439196127)
118,118,RER,RER C,657818.8642000034,6849010.005100001,POINT (657818.8641992483 6849010.004996048)
119,119,RER,RER B,670934.634300001,6872649.5013,POINT (670934.634299479 6872649.501196131)
120,120,METRO,METRO 4,652003.8586999997,6862696.863299999,POINT (652003.8586991389 6862696.8631960945)
121,121,RER,RER B,649281.2192000002,6852384.251400001,POINT (649281.2191990918 6852384.25129606)
122,122,RER,RER C,646790.0,6862126.0,POINT (646789.9999990456 6862125.999896094)
123,123,RER,RER C,649000.1560999975,6844750.361400001,POINT (649000.156099085 6844750.361296033)
124,124,RER,RER B,646607.1661000028,6848552.7228999995,POINT (646607.166099047 6848552.722796046)
125,125,RER,RER C,651959.0772999972,6861698.4081000015,POINT (651959.0772991356 6861698.407996096)
126,126,RER,RER A,658348.5648000017,6860960.359099999,POINT (658348.5647992548 6860960.358996088)
127,127,METRO,METRO 6,648331.3083999977,6864088.819499999,POINT (648331.3083990708 6864088.819396098)
128,128,METRO,METRO 13,649685.9139999971,6866245.733899999,POINT (649685.9139990942 6866245.733796112)
129,129,METRO,METRO 10,643378.5474999994,6860353.903999999,POINT (643378.5474989841 6860353.903896086)
130,130,METRO,METRO 5,653789.9848000035,6861973.500500001,POINT (653789.9847991747 6861973.500396098)
131,131,METRO,METRO 6,647920.0416999981,6863228.967700001,POINT (647920.041699064 6863228.967596099)
132,132,METRO,METRO 4,650605.2307000011,6858891.5557,POINT (650605.2306991155 6858891.5555960825)
133,133,METRO,METRO 11,652809.2864999995,6863002.435899999,POINT (652809.286499153 6863002.435796098)
134,134,METRO,METRO 10,648264.0691,6861003.443100002,POINT (648264.0690990723 6861003.442996092)
135,135,METRO,METRO 2,652377.4596000016,6865061.0934999995,POINT (652377.4595991471 6865061.093396107)
136,136,METRO,METRO 6,656030.6975999996,6860310.066199999,POINT (656030.6975992111 6860310.066096085)
137,137,METRO,METRO 2,654559.4535999969,6863407.491999999,POINT (654559.4535991817 6863407.491896098)
138,138,METRO,METRO 6,655646.4123999998,6860114.107799999,POINT (655646.4123992044 6860114.107696082)
139,139,METRO,METRO 8,655681.5240999982,6860102.250599999,POINT (655681.5240992035 6860102.250496086)
140,140,METRO,METRO 8,657583.956600003,6857347.899500001,POINT (657583.9565992426 6857347.899396076)
141,141,METRO,METRO 11,652164.4931999967,6862152.4575,POINT (652164.4931991387 6862152.457396093)
142,142,METRO,METRO 8,648183.566200003,6860759.273800001,POINT (648183.5661990738 6860759.27369609)
143,143,METRO,METRO 1,648695.3652999997,6863782.5779,POINT (648695.3652990792 6863782.5777961)
144,144,METRO,METRO 6,651808.0022,6859208.4673999995,POINT (651808.002199136 6859208.467296083)
145,145,METRO,METRO 11,653867.1921999976,6863509.302299999,POINT (653867.19219917 6863509.302196096)
146,146,METRO,METRO 13,648308.4732000008,6868718.8268,POINT (648308.4731990729 6868718.826696119)
147,147,METRO,METRO 13,650272.1511999965,6860055.6504999995,POINT (650272.1511991048 6860055.650396085)
148,148,METRO,METRO 4,652286.298299998,6862856.5748,POINT (652286.2982991422 6862856.574696097)
149,149,METRO,METRO 9,646299.9368999973,6861633.692499999,POINT (646299.9368990342 6861633.692396093)
150,150,METRO,METRO 13,648383.7761000022,6857478.601799998,POINT (648383.7760990771 6857478.601696073)
151,151,METRO,METRO 9,644474.9136999995,6859551.9835,POINT (644474.9136990039 6859551.983396084)
152,152,METRO,METRO 12,653071.547799997,6865798.422600001,POINT (653071.5477991549 6865798.422496109)
153,153,METRO,METRO 6,648552.8549999967,6861194.872699998,POINT (648552.8549990741 6861194.872596089)
154,154,METRO,METRO 12,650498.2822000012,6863567.7760999985,POINT (650498.2821991132 6863567.7759960955)
155,155,METRO,METRO 13,651180.0870999992,6868202.6512,POINT (651180.0870991228 6868202.651096115)
156,156,METRO,METRO 1,651322.2056000009,6862683.9580999985,POINT (651322.2055991278 6862683.957996094)
157,157,METRO,METRO 6,647598.9540999979,6862171.6349,POINT (647598.954099058 6862171.634796094)
158,158,METRO,METRO 12,649539.0461999997,6860533.423900001,POINT (649539.0461990949 6860533.42379609)
159,159,METRO,METRO 3bis,656100.7414000034,6863323.2148,POINT (656100.741399216 6863323.214696099)
160,160,METRO,METRO 7,654272.5744000003,6857498.4690000005,POINT (654272.5743991806 6857498.468896079)
161,161,METRO,METRO 6,652733.503200002,6859178.3508,POINT (652733.5031991546 6859178.350696083)
162,162,METRO,METRO 5,653628.501500003,6862955.9476,POINT (653628.5014991713 6862955.947496094)
163,163,METRO,METRO 7,651042.9327000007,6863530.430799998,POINT (651042.9326991225 6863530.4306961)
164,164,METRO,METRO 7,653340.9724000022,6857944.605300002,POINT (653340.9723991659 6857944.60519608)
165,165,METRO,METRO 9,649389.1586000025,6863778.925999999,POINT (649389.1585990947 6863778.925896099)
166,166,METRO,METRO 6,649327.7179000005,6860841.6954,POINT (649327.7178990918 6860841.695296088)
167,167,METRO,METRO 13,649016.9680000022,6858861.614399999,POINT (649016.9679990882 6858861.614296081)
168,168,METRO,METRO 3bis,656487.0493000001,6864284.440699998,POINT (656487.0492992194 6864284.440596098)
169,169,METRO,METRO 7,651174.3467999995,6863062.1512,POINT (651174.3467991237 6863062.151096094)
170,170,METRO,METRO 4,650878.8981000036,6860087.464200001,POINT (650878.8980991229 6860087.46409609)
171,171,METRO,METRO 4,652524.4421999976,6863161.6488999985,POINT (652524.442199146 6863161.648796096)
172,172,METRO,METRO 3,653362.3347000033,6863187.4494,POINT (653362.3346991667 6863187.449296099)
173,173,METRO,METRO 8,655016.0241999999,6860961.737399999,POINT (655016.0241991932 6860961.737296087)
174,174,METRO,METRO 5,653095.928199999,6860009.386500001,POINT (653095.928199158 6860009.386396087)
175,175,METRO,METRO 13,647699.2159999982,6869471.7685,POINT (647699.2159990593 6869471.768396119)
176,176,METRO,METRO 4,652903.3623000011,6864187.992199998,POINT (652903.3622991561 6864187.992096097)
177,177,METRO,METRO 12,650183.7135000005,6862520.046599999,POINT (650183.713499107 6862520.046496095)
178,178,METRO,METRO 7bis,653384.6049999967,6864762.460200001,POINT (653384.6049991603 6864762.460096103)
179,179,METRO,METRO 9,654068.6724999994,6862564.613299999,POINT (654068.6724991755 6862564.613196093)
180,180,METRO,METRO 1,657344.2855999991,6860865.665199999,POINT (657344.2855992342 6860865.665096088)
181,181,METRO,METRO 9,647636.2012000009,6862795.8336,POINT (647636.2011990617 6862795.833496096)
182,182,METRO,METRO 2,655306.8858999982,6862175.273600001,POINT (655306.8858991966 6862175.273496093)
183,183,METRO,METRO 7,654948.2026000023,6866551.304000001,POINT (654948.2025991938 6866551.303896111)
184,184,METRO,METRO 14,649784.3822999969,6865723.178599998,POINT (649784.3822990959 6865723.178496106)
185,185,METRO,METRO 8,649735.2475000024,6862478.808499999,POINT (649735.2474991009 6862478.808396097)
186,186,METRO,METRO 12,650699.9170999974,6864170.861699998,POINT (650699.917099113 6864170.8615961)
187,187,METRO,METRO 2,655585.2053000033,6861969.1765,POINT (655585.2052992067 6861969.17639609)
188,188,METRO,METRO 9,658511.266900003,6862120.443700001,POINT (658511.2668992588 6862120.443596094)
189,189,METRO,METRO 5,652916.7507999986,6859646.696699999,POINT (652916.7507991544 6859646.696596084)
190,190,METRO,METRO 12,648343.2210000008,6859902.1435,POINT (648343.2209990746 6859902.143396088)
191,191,METRO,METRO 7,654700.3514999971,6866249.2071,POINT (654700.3514991842 6866249.206996109)
192,192,METRO,METRO 2,653816.2312999964,6864807.0306,POINT (653816.2312991677 6864807.030496102)
193,193,METRO,METRO 10,648531.2392000034,6861287.754099999,POINT (648531.2391990805 6861287.753996091)
194,194,METRO,METRO 3,655756.7839000002,6862940.853799999,POINT (655756.7838992066 6862940.853696095)
195,195,METRO,METRO 2,651468.1616000012,6864893.1105,POINT (651468.1615991304 6864893.110396104)
196,196,METRO,METRO 8,651475.1884000003,6863721.8330999985,POINT (651475.1883991298 6863721.832996096)
197,197,METRO,METRO 2,651113.4575000033,6865044.0874999985,POINT (651113.4574991262 6865044.087396101)
198,198,METRO,METRO 9,645660.7070999965,6860517.507599998,POINT (645660.7070990221 6860517.507496085)
199,199,METRO,METRO 2,649742.7839000002,6864782.057999998,POINT (649742.7838990984 6864782.057896102)
200,200,METRO,METRO 1,649283.0925000012,6863489.955699999,POINT (649283.0924990914 6863489.955596097)
201,201,METRO,METRO 4,649861.7413000017,6856151.557500001,POINT (649861.7412991032 6856151.557396074)
202,202,RER,RER C,657304.5759999976,6847424.3178,POINT (657304.5759992333 6847424.317696042)
203,203,RER,RER C,647131.0078999996,6861753.2577,POINT (647131.0078990514 6861753.257596092)
204,204,RER,RER A,640300.5562999994,6869240.4010999985,POINT (640300.5562989276 6869240.400996122)
205,205,RER,RER A,660634.6208000034,6858019.768300001,POINT (660634.6207992978 6858019.76819608)
206,206,RER,RER A,636544.5064999983,6865911.575199999,POINT (636544.5064988596 6865911.575096106)
207,207,RER,RER C,649716.2726999968,6869205.7905,POINT (649716.2726990941 6869205.79039612)
208,208,RER,RER C,657170.2466999963,6849597.5353000015,POINT (657170.2466992295 6849597.535196048)
209,209,RER,RER D,657875.1827000007,6855927.6603000015,POINT (657875.1826992457 6855927.660196073)
210,210,RER,RER E,656037.7705999985,6866623.261500001,POINT (656037.7705992095 6866623.261396112)
211,211,RER,RER B,651345.3911999986,6860202.4553,POINT (651345.3911991261 6860202.4551960835)
212,212,RER,RER B,648392.0449000001,6853703.414000001,POINT (648392.0448990756 6853703.413896067)
213,213,RER,RER B,665912.7031000033,6870801.078600001,POINT (665912.7030993912 6870801.078496125)
214,214,RER,RER A,661274.3884999976,6856365.486699998,POINT (661274.3884993035 6856365.486596067)
215,215,RER,RER E,666423.4262999967,6858231.071600001,POINT (666423.4262993948 6858231.0714960825)
216,216,RER,RER A,664360.9851000011,6861539.303399999,POINT (664360.985099362 6861539.303296087)
217,217,RER,RER D,660433.6070000008,6845478.957800001,POINT (660433.6069992927 6845478.9576960355)
218,218,RER,RER B,668582.2523000017,6878393.4208,POINT (668582.252299437 6878393.4206961505)
219,219,RER,RER B,651465.8891000003,6858094.9267,POINT (651465.8890991302 6858094.926596078)
220,220,RER,RER C,646607.1661000028,6848552.7228999995,POINT (646607.166099047 6848552.722796046)
221,221,RER,RER B,651864.7911000028,6861541.954,POINT (651864.7910991396 6861541.953896092)
222,222,METRO,METRO 4,650946.0737999976,6859473.819400001,POINT (650946.073799118 6859473.819296084)
223,223,METRO,METRO 6,651028.5029999986,6859566.763599999,POINT (651028.5029991206 6859566.763496081)
224,224,METRO,METRO 2,648349.0434999987,6864095.5436,POINT (648349.0434990721 6864095.543496101)
225,225,METRO,METRO 3,650675.9316999987,6863931.014699999,POINT (650675.9316991137 6863931.0145961)
226,226,METRO,METRO 14,654051.2775999978,6860564.330600001,POINT (654051.2775991738 6860564.330496087)
227,227,METRO,METRO 5,652889.0080000013,6864655.644299999,POINT (652889.0079991561 6864655.6441961005)
228,228,METRO,METRO 3,648500.0697000027,6865215.747699998,POINT (648500.0696990786 6865215.747596106)
229,229,METRO,METRO 1,655642.3273999989,6861007.0198,POINT (655642.3273992034 6861007.019696088)
230,230,METRO,METRO 6,655635.3640000001,6860984.3345,POINT (655635.3639992045 6860984.334396092)
231,231,RER,RER A,642345.8425000012,6867065.725400001,POINT (642345.8424989664 6867065.725296113)
232,232,METRO,METRO 3,651686.0361000001,6863382.151500002,POINT (651686.0360991334 6863382.151396099)
233,233,METRO,METRO 7bis,654126.1075000018,6864698.1965,POINT (654126.1074991786 6864698.196396099)
234,234,METRO,METRO 5,653679.5213999972,6861673.730099998,POINT (653679.5213991664 6861673.729996093)
235,235,METRO,METRO 8,653736.5363000035,6861673.548700001,POINT (653736.5362991738 6861673.548596096)
236,236,METRO,METRO 6,655199.4897999987,6860061.001699999,POINT (655199.4897991954 6860061.001596085)
237,237,METRO,METRO 10,646364.8035999984,6861037.727600001,POINT (646364.8035990365 6861037.72749609)
238,238,METRO,METRO 7bis,654646.2892000005,6864454.645100001,POINT (654646.2891991867 6864454.644996102)
239,239,METRO,METRO 13,648717.1202000007,6856968.478399999,POINT (648717.1201990816 6856968.478296077)
240,240,METRO,METRO 6,653618.2929000035,6859618.265799999,POINT (653618.2928991719 6859618.265696083)
241,241,METRO,METRO 4,652109.5385999978,6861853.2272000015,POINT (652109.5385991388 6861853.227096096)
242,242,METRO,METRO 1,652424.1554000005,6862133.258299999,POINT (652424.1553991472 6862133.258196095)
243,243,METRO,METRO 8,648031.8467999995,6860532.9003,POINT (648031.8467990677 6860532.900196089)
244,244,METRO,METRO 9,648218.8596000001,6862982.866099998,POINT (648218.8595990712 6862982.865996096)
245,245,METRO,METRO 11,655215.4591000006,6864071.878899999,POINT (655215.4590991971 6864071.878796098)
246,246,METRO,METRO 4,652312.1582000032,6865910.7256000005,POINT (652312.1581991474 6865910.725496108)
247,247,METRO,METRO 9,645820.2672000006,6860810.178599998,POINT (645820.267199029 6860810.178496088)
248,248,METRO,METRO 10,646631.0121999979,6861033.151700001,POINT (646631.0121990409 6861033.151596092)
249,249,METRO,METRO 7,651633.2141999975,6864085.111400001,POINT (651633.2141991297 6864085.111296103)
250,250,METRO,METRO 8,654144.8356999978,6861457.2786,POINT (654144.8356991755 6861457.278496089)
251,251,METRO,METRO 8,656380.4618000016,6858670.8213,POINT (656380.4617992196 6858670.82119608)
252,252,METRO,METRO 3,647796.9263999984,6865645.6998,POINT (647796.9263990617 6865645.699696109)
253,253,METRO,METRO 8,650579.0401000008,6863500.358399998,POINT (650579.0400991142 6863500.358296096)
254,254,METRO,METRO 3,654118.8396999985,6862984.2509,POINT (654118.8396991754 6862984.250796098)
255,255,METRO,METRO 2,655088.4963999987,6862635.266399998,POINT (655088.4963991931 6862635.266296091)
256,256,METRO,METRO 7,652698.8522000015,6859234.942000002,POINT (652698.8521991534 6859234.9418960875)
257,257,METRO,METRO 7,652458.3099000007,6860508.2454,POINT (652458.3098991482 6860508.245296087)
258,258,METRO,METRO 12,651408.3042000011,6864206.6184,POINT (651408.3041991293 6864206.618296101)
259,259,METRO,METRO 10,651614.5399999991,6861523.695700001,POINT (651614.5399991313 6861523.6955960905)
260,260,METRO,METRO 4,651549.9233999997,6861564.803199999,POINT (651549.9233991308 6861564.803096091)
261,261,METRO,METRO 3,650963.6441999972,6863683.3869,POINT (650963.6441991174 6863683.3867961)
262,262,METRO,METRO 1,653110.2705999985,6861878.3873,POINT (653110.2705991575 6861878.387196095)
263,263,METRO,METRO 10,649172.863499999,6861003.084399998,POINT (649172.8634990875 6861003.08429609)
264,264,METRO,METRO 10,650548.9206999987,6861432.1477999985,POINT (650548.920699112 6861432.147696092)
265,265,METRO,METRO 12,650340.6926999986,6862264.292399999,POINT (650340.6926991079 6862264.29229609)
266,266,METRO,METRO 9,645473.5838000029,6860024.259799998,POINT (645473.5837990253 6860024.259696084)
267,267,METRO,METRO 13,650801.1471000016,6866583.384199999,POINT (650801.1470991186 6866583.384096109)
268,268,METRO,METRO 7,653691.6801000014,6858106.3134,POINT (653691.6800991714 6858106.313296081)
269,269,METRO,METRO 14,651156.2995999977,6863081.081999999,POINT (651156.2995991216 6863081.081896093)
270,270,METRO,METRO 6,650878.8981000036,6860087.464200001,POINT (650878.8980991229 6860087.46409609)
271,271,METRO,METRO 11,653423.8602000028,6863295.076099999,POINT (653423.8601991673 6863295.075996097)
272,272,METRO,METRO 5,653325.8189999983,6863276.7379,POINT (653325.818999161 6863276.737796099)
273,273,METRO,METRO 8,653253.5033000037,6863252.1655,POINT (653253.5032991652 6863252.165396095)
274,274,METRO,METRO 1,654885.3313999996,6860968.4454,POINT (654885.3313991906 6860968.445296088)
275,275,METRO,METRO 13,652816.9645999968,6870187.543000001,POINT (652816.9645991497 6870187.542896124)
276,276,METRO,METRO 4,650753.8774000034,6860450.376400001,POINT (650753.8773991204 6860450.37629609)
277,277,METRO,METRO 7,653552.4583000019,6854349.8693,POINT (653552.4582991698 6854349.869196067)
278,278,METRO,METRO 4,651967.2226999998,6866576.6415,POINT (651967.2226991378 6866576.641396109)
279,279,METRO,METRO 8,653574.4613000005,6862534.348099999,POINT (653574.4612991678 6862534.347996093)
280,280,METRO,METRO 3,650445.5274000019,6864115.117199998,POINT (650445.5273991128 6864115.117096099)
281,281,METRO,METRO 5,652915.7135000005,6864202.935899999,POINT (652915.7134991558 6864202.935796101)
282,282,METRO,METRO 1,649643.8307000026,6863316.2782999985,POINT (649643.8306990993 6863316.278196097)
283,283,METRO,METRO 6,648157.7062999979,6863702.6675,POINT (648157.7062990678 6863702.667396099)
284,284,METRO,METRO 7,656807.0913000032,6869138.859900001,POINT (656807.0912992278 6869138.859796123)
285,285,METRO,METRO 8,655267.0786999986,6860619.1829,POINT (655267.0786991965 6860619.182796088)
286,286,METRO,METRO 7,652903.941399999,6858204.603599999,POINT (652903.9413991547 6858204.603496081)
287,287,METRO,METRO 12,651389.7941000015,6864896.447700001,POINT (651389.7940991293 6864896.447596102)
288,288,METRO,METRO 2,648536.2022999972,6864445.5141,POINT (648536.2022990739 6864445.5139961)
289,289,METRO,METRO 1,656561.9892000034,6860972.944800001,POINT (656561.9891992245 6860972.94469609)
290,290,METRO,METRO 12,650531.8333000019,6861895.388900001,POINT (650531.8332991147 6861895.388796093)
291,291,METRO,METRO 8,647310.8392999992,6860093.293200001,POINT (647310.8392990544 6860093.293096087)
292,292,METRO,METRO 9,654511.3778999969,6862161.0304999985,POINT (654511.3778991811 6862161.030396091)
293,293,RER,RER C,653427.3990999982,6860462.702300001,POINT (653427.399099163 6860462.702196085)
294,294,METRO,METRO 10,653409.0746000037,6860452.7051,POINT (653409.0745991683 6860452.704996087)
295,295,METRO,METRO 14,649614.7531000003,6866327.369600002,POINT (649614.7530990961 6866327.369496111)
296,296,RER,RER A,665185.2531000003,6860676.4833,POINT (665185.253099376 6860676.483196085)
297,297,RER,RER B,648055.8497999981,6854396.919399999,POINT (648055.8497990675 6854396.9192960635)
298,298,METRO,METRO 10,647043.6613000035,6860921.080200002,POINT (647043.6612990539 6860921.080096088)
299,299,METRO,METRO 5,656942.8491000012,6866064.638900001,POINT (656942.8490992285 6866064.638796104)
300,300,METRO,METRO 1,652002.1466000006,6862337.936299998,POINT (652002.1465991397 6862337.936196094)
301,301,METRO,METRO 9,644022.0556000024,6859346.084800001,POINT (644022.0555989988 6859346.084696082)
302,302,METRO,METRO 9,651504.557599999,6863776.956500001,POINT (651504.557599129 6863776.9563961)
303,303,METRO,METRO 8,652599.4450000003,6863457.7872,POINT (652599.44499915 6863457.787096097)
304,304,METRO,METRO 9,652599.4450000003,6863457.7872,POINT (652599.44499915 6863457.787096097)
305,305,METRO,METRO 3,649742.7839000002,6864782.057999998,POINT (649742.7838990984 6864782.057896102)
306,306,METRO,METRO 9,652209.7339000031,6863593.126600001,POINT (652209.7338991457 6863593.126496099)
307,307,RER,RER D,654024.0938000008,6873938.8178,POINT (654024.0937991749 6873938.8176961355)
308,308,RER,RER D,665628.8215999976,6842419.4146,POINT (665628.8215993828 6842419.414496024)
309,309,RER,RER A,663575.0957999974,6850344.752799999,POINT (663575.0957993452 6850344.752696048)
310,310,RER,RER B,650207.6265999973,6855019.5845,POINT (650207.6265991051 6855019.584396066)
311,311,RER,RER C,650856.7941000015,6841243.2826000005,POINT (650856.7940991225 6841243.282496022)
312,312,RER,RER B,652093.2251000032,6862619.066599999,POINT (652093.2250991439 6862619.066496095)
313,313,RER,RER A,638100.6669000015,6865352.604899999,POINT (638100.6668988907 6865352.604796109)
314,314,RER,RER C,640039.5421999991,6855826.597600002,POINT (640039.5421989246 6855826.597496076)
315,315,RER,RER D,655389.130900003,6875373.010200001,POINT (655389.1308992014 6875373.010096141)
316,316,RER,RER C,649296.2114999965,6870546.5309999995,POINT (649296.211499086 6870546.530896121)
317,317,RER,RER A,660625.7195999995,6860550.134500001,POINT (660625.7195992934 6860550.134396088)
318,318,RER,RER E,665197.6780000031,6864962.103999998,POINT (665197.6779993786 6864962.103896103)
319,319,RER,RER D,654051.0803999975,6860596.114,POINT (654051.0803991735 6860596.113896089)
320,320,RER,RER B,648856.2342000008,6851512.9527,POINT (648856.2341990848 6851512.952596056)
321,321,RER,RER C,645444.7867000028,6847574.951900002,POINT (645444.7866990264 6847574.9517960455)
322,322,RER,RER A,673078.4315000027,6859970.183499999,POINT (673078.43149952 6859970.183396082)
323,323,RER,RER C,648086.4202999994,6844909.226300001,POINT (648086.4202990705 6844909.226196033)
324,324,RER,RER A,655662.6330000013,6861080.003699999,POINT (655662.6329992062 6861080.003596089)
325,325,RER,RER E,662874.6459000036,6860040.201099999,POINT (662874.645899338 6860040.200996086)
326,326,RER,RER C,650909.4033999965,6842009.7216,POINT (650909.4033991185 6842009.721496022)
327,327,RER,RER A,643047.9676000029,6866473.261999998,POINT (643047.9675989809 6866473.26189611)
328,328,RER,RER C,656093.1327000037,6849250.509199999,POINT (656093.1326992176 6849250.509096049)
329,329,RER,RER C,648717.6552999988,6862741.393199999,POINT (648717.655299079 6862741.393096098)
330,330,RER,RER D,652391.9593999982,6868815.5548,POINT (652391.9593991435 6868815.554696116)
331,331,RER,RER D,656929.2000999972,6840026.8224,POINT (656929.2000992271 6840026.822296015)
332,332,RER,RER B,647199.3342000023,6853589.674600001,POINT (647199.3341990564 6853589.674496065)
333,333,RER,RER E,662278.2771999985,6863443.403000001,POINT (662278.2771993218 6863443.402896098)
334,334,RER,RER A,639326.2578999996,6865602.341400001,POINT (639326.2578989109 6865602.3412961075)
335,335,RER,RER C,647714.3659999967,6873974.0035,POINT (647714.3659990574 6873974.003396137)
336,336,RER,RER D,654850.624499999,6841945.658300001,POINT (654850.6244991914 6841945.658196024)
337,337,RER,RER C,640678.4010000005,6851273.0425,POINT (640678.4009989381 6851273.042396057)
338,338,RER,RER E,662516.8893999979,6861702.3379999995,POINT (662516.8893993256 6861702.33789609)
339,339,RER,RER D,659269.6731000021,6847977.581599999,POINT (659269.673099273 6847977.581496043)
340,340,RER,RER B,664313.9648000002,6873749.835499998,POINT (664313.9647993592 6873749.8353961315)
341,341,RER,RER E,654090.4936000034,6866468.105900001,POINT (654090.4935991796 6866468.105796109)
342,342,RER,RER C,649819.7897000015,6866235.2447,POINT (649819.789699101 6866235.244596109)
343,343,METRO,METRO 10,651882.3096999973,6861422.981899999,POINT (651882.3096991344 6861422.9817960905)
344,344,RER,RER B,648611.4025000036,6850764.8999999985,POINT (648611.4024990833 6850764.899896049)
345,345,RER,RER C,654315.4818999991,6858938.0999,POINT (654315.4818991801 6858938.099796082)
346,346,RER,RER A,654003.2243999988,6860637.277800001,POINT (654003.224399174 6860637.277696087)
347,347,RER,RER B,652885.8017999977,6864829.589200001,POINT (652885.8017991524 6864829.589096106)
348,348,RER,RER C,649563.2682000026,6862758.694600001,POINT (649563.2681990978 6862758.694496095)
349,349,RER,RER C,648615.2114999965,6865342.067499999,POINT (648615.2114990745 6865342.067396104)
350,350,RER,RER C,647518.2308000028,6864447.503699999,POINT (647518.2307990612 6864447.503596101)
351,351,RER,RER A,671867.3202999979,6860452.954799999,POINT (671867.3202994935 6860452.954696084)
352,352,RER,RER A,662482.2053999975,6861683.334800001,POINT (662482.2053993247 6861683.334696093)
353,353,RER,RER D,658724.7365000024,6849522.736900002,POINT (658724.7364992634 6849522.73679605)
354,354,RER,RER C,647890.7858999968,6862058.750700001,POINT (647890.7858990622 6862058.750596095)
355,355,RER,RER D,658402.9742000028,6838850.2443,POINT (658402.9741992592 6838850.244196007)
356,356,RER,RER D,655568.8183000013,6839578.3224,POINT (655568.8182992069 6839578.322296014)
357,357,RER,RER C,645510.7668000013,6857953.7249,POINT (645510.7667990245 6857953.724796077)
358,358,RER,RER D,654645.0864000022,6843445.409600001,POINT (654645.086399191 6843445.409496028)
359,359,RER,RER D,658498.811300002,6852500.3354,POINT (658498.8112992586 6852500.335296059)
360,360,METRO,METRO 4,652753.6062999964,6864612.067600001,POINT (652753.6062991488 6864612.067496103)
361,361,METRO,METRO 3,647574.9139999971,6866023.212200001,POINT (647574.9139990563 6866023.21209611)
362,362,METRO,METRO 7,655445.8206999972,6867258.482000001,POINT (655445.8206991976 6867258.481896112)
363,363,METRO,METRO 6,652313.5222999975,6859055.390999999,POINT (652313.5222991426 6859055.39089608)
364,364,METRO,METRO 6,648164.2591999993,6861386.5825,POINT (648164.2591990697 6861386.582396092)
365,365,METRO,METRO 13,649834.9324999973,6860995.805100001,POINT (649834.9324990977 6860995.80499609)
366,366,METRO,METRO 6,648847.9143999964,6861054.976599999,POINT (648847.9143990792 6861054.97649609)
367,367,METRO,METRO 10,647601.6845000014,6860957.977299999,POINT (647601.6844990617 6860957.977196088)
368,368,METRO,METRO 1,658933.7619000003,6860635.4943,POINT (658933.7618992638 6860635.494196085)
369,369,METRO,METRO 3bis,655891.4641000032,6862960.434900001,POINT (655891.4640992121 6862960.434796095)
370,370,METRO,METRO 12,649937.2765000015,6860707.760499999,POINT (649937.2764991039 6860707.760396087)
371,371,METRO,METRO 8,653535.9902999997,6862766.960499998,POINT (653535.9902991663 6862766.960396092)
372,372,METRO,METRO 9,656419.7092000023,6861573.316,POINT (656419.7091992206 6861573.315896092)
373,373,METRO,METRO 10,652170.2062000036,6861313.802999999,POINT (652170.2061991459 6861313.802896091)
374,374,METRO,METRO 10,645811.5379000008,6860831.320500001,POINT (645811.5378990291 6860831.320396089)
375,375,METRO,METRO 8,649415.3796000034,6862186.261700001,POINT (649415.3795990961 6862186.261596095)
376,376,METRO,METRO 12,651513.7585000023,6865721.031199999,POINT (651513.7584991322 6865721.031096106)
377,377,METRO,METRO 1,646627.2260999978,6864801.269400001,POINT (646627.2260990401 6864801.269296103)
378,378,METRO,METRO 11,657204.3492000028,6864573.858800001,POINT (657204.349199235 6864573.858696102)
379,379,METRO,METRO 7,654783.5300000012,6856892.906399999,POINT (654783.5299991908 6856892.906296075)
380,380,METRO,METRO 5,654968.7704999968,6865379.858199999,POINT (654968.7704991888 6865379.858096105)
381,381,METRO,METRO 3,654945.992399998,6862740.8407000005,POINT (654945.9923991899 6862740.840596097)
382,382,METRO,METRO 13,649983.4886000007,6859568.226199999,POINT (649983.488599104 6859568.226096083)
383,383,METRO,METRO 8,650940.3015000001,6863591.825300001,POINT (650940.30149912 6863591.8251961)
384,384,METRO,METRO 13,649651.2929000035,6859304.204100002,POINT (649651.2928991008 6859304.203996084)
385,385,METRO,METRO 9,643549.4672000036,6859129.1796,POINT (643549.4671989916 6859129.179496086)
386,386,METRO,METRO 4,650595.6493000016,6860969.885699999,POINT (650595.6492991156 6860969.885596086)
387,387,METRO,METRO 12,650602.4645999968,6861512.899500001,POINT (650602.4645991109 6861512.899396092)
388,388,METRO,METRO 4,652647.3320999965,6863482.600900002,POINT (652647.332099147 6863482.600796098)
389,389,METRO,METRO 5,655400.6415999979,6865550.050700001,POINT (655400.6415991976 6865550.050596107)
390,390,METRO,METRO 7,652985.9900000021,6857874.877,POINT (652985.9899991594 6857874.876896079)
391,391,METRO,METRO 5,653918.3593999967,6862387.572900001,POINT (653918.3593991701 6862387.572796095)
392,392,METRO,METRO 11,654913.7647999972,6863937.4476,POINT (654913.7647991884 6863937.447496098)
393,393,METRO,METRO 3,651309.6735000014,6863494.706799999,POINT (651309.673499128 6863494.706696098)
394,394,METRO,METRO 13,649691.2100000009,6861485.118099999,POINT (649691.2099990987 6861485.117996089)
395,395,METRO,METRO 4,651114.5389000028,6861726.1589,POINT (651114.538899126 6861726.158796092)
396,396,METRO,METRO 3,649008.6627999991,6865090.363899998,POINT (649008.6627990842 6865090.363796103)
397,397,METRO,METRO 12,648703.499499999,6860167.725499999,POINT (648703.4994990792 6860167.725396085)
398,398,METRO,METRO 6,647734.8329000026,6862855.649,POINT (647734.8328990651 6862855.648896096)
399,399,METRO,METRO 12,653520.3175000027,6867583.132100001,POINT (653520.3174991685 6867583.131996112)
400,400,METRO,METRO 4,650051.0907000005,6857838.6019,POINT (650051.0906991052 6857838.601796076)
401,401,METRO,METRO 12,650413.6191999987,6860621.973200001,POINT (650413.6191991095 6860621.9730960885)
402,402,METRO,METRO 6,650186.4248000011,6860442.304400001,POINT (650186.4247991078 6860442.304296089)
403,403,METRO,METRO 12,651449.5653999969,6865156.677900001,POINT (651449.5653991258 6865156.677796106)
404,404,METRO,METRO 13,648492.7655000016,6858286.711800002,POINT (648492.7654990782 6858286.711696084)
405,405,METRO,METRO 2,654781.3662,6863111.7042,POINT (654781.366199189 6863111.704096101)
406,406,METRO,METRO 9,659027.1889000013,6862618.931499999,POINT (659027.1888992664 6862618.931396093)
407,407,METRO,METRO 1,645771.2871000022,6865219.748500001,POINT (645771.2870990292 6865219.748396106)
408,408,METRO,METRO 7,651739.5236999989,6862258.5537,POINT (651739.5236991333 6862258.553596092)
409,409,METRO,METRO 7bis,655883.8373999968,6864640.558499999,POINT (655883.8373992053 6864640.558396102)
410,410,METRO,METRO 7,654056.3449999988,6865510.530000001,POINT (654056.3449991744 6865510.529896106)
411,411,METRO,METRO 10,649877.499300003,6860988.381299999,POINT (649877.4992991042 6860988.381196089)
412,412,METRO,METRO 12,647098.5235000029,6858799.8445999995,POINT (647098.5234990546 6858799.844496083)
413,413,METRO,METRO 7,656348.619599998,6868493.287999999,POINT (656348.6195992144 6868493.287896115)
414,414,METRO,METRO 3,649328.8074999973,6864985.549800001,POINT (649328.8074990881 6864985.549696105)
415,415,METRO,METRO 3,647243.0935999975,6866590.173599999,POINT (647243.0935990507 6866590.173496109)
416,416,METRO,METRO 8,656352.887000002,6859578.951099999,POINT (656352.8869992194 6859578.950996079)
417,417,METRO,METRO 14,653541.3818999976,6858753.320099998,POINT (653541.3818991646 6858753.319996081)
418,418,METRO,METRO 1,647424.8025000021,6864408.6314,POINT (647424.8024990588 6864408.631296104)
419,419,METRO,METRO 2,651940.6604000032,6864972.2743999995,POINT (651940.6603991409 6864972.274296105)
420,420,METRO,METRO 2,648959.9764000028,6864592.673900001,POINT (648959.9763990871 6864592.673796107)
421,421,METRO,METRO 8,659555.2292999998,6855318.9059999995,POINT (659555.2292992751 6855318.905896067)
422,422,METRO,METRO 7,654325.3614000008,6865835.211199999,POINT (654325.3613991811 6865835.211096102)
423,423,METRO,METRO 9,651182.3325000033,6863847.892499998,POINT (651182.3324991275 6863847.892396096)
424,424,METRO,METRO 13,650669.9354000017,6866009.807700001,POINT (650669.9353991165 6866009.807596107)
425,425,METRO,METRO 5,653940.3893000036,6864980.548799999,POINT (653940.3892991772 6864980.5486961035)
426,426,METRO,METRO 5,654439.4270000011,6865174.232299998,POINT (654439.4269991836 6865174.232196104)
427,427,METRO,METRO 2,650758.2453999966,6865096.419100001,POINT (650758.245399113 6865096.418996106)
428,428,METRO,METRO 7,653769.3126000017,6865160.3825,POINT (653769.3125991721 6865160.382396107)
429,429,METRO,METRO 9,650270.4118999988,6864041.489599999,POINT (650270.4118991066 6864041.4894961)
430,430,METRO,METRO 13,653067.1557999998,6870946.260299999,POINT (653067.1557991571 6870946.260196124)
431,431,METRO,METRO 1,653673.7035000026,6861514.9932,POINT (653673.7034991718 6861514.993096093)
432,432,METRO,METRO 9,654852.2709999979,6861848.787599999,POINT (654852.2709991881 6861848.787496093)
433,433,METRO,METRO 2,653095.6696000025,6865121.477899998,POINT (653095.6695991609 6865121.4777961)
434,434,METRO,METRO 8,652209.7339000031,6863593.126600001,POINT (652209.7338991457 6863593.126496099)
435,435,METRO,METRO 4,649874.2426000014,6856842.441199999,POINT (649874.242599103 6856842.441096073)
436,436,RER,RER C,646453.5639000013,6860140.6142,POINT (646453.5638990413 6860140.614096084)
437,437,RER,RER B,661584.4479999989,6870386.186700001,POINT (661584.4479993092 6870386.186596122)
438,438,RER,RER B,667900.8037,6878960.9004999995,POINT (667900.803699423 6878960.900396153)
439,439,RER,RER B,660052.9226000011,6870441.130600002,POINT (660052.9225992837 6870441.130496123)
440,440,RER,RER C,656734.7133999988,6851681.609200001,POINT (656734.713399224 6851681.609096054)
441,441,RER,RER D,666681.8713999987,6840955.206999999,POINT (666681.8713994029 6840955.206896017)
442,442,RER,RER C,655329.7373000011,6857274.320999999,POINT (655329.7372992004 6857274.320896073)
443,443,RER,RER C,644249.1143999994,6856647.900199998,POINT (644249.1143990002 6856647.900096073)
444,444,RER,RER E,664300.8931000009,6865538.182300001,POINT (664300.8930993603 6865538.182196105)
445,445,RER,RER D,658287.4706000015,6854414.3946,POINT (658287.4705992541 6854414.394496065)
446,446,RER,RER C,656617.996600002,6853732.752099998,POINT (656617.9965992249 6853732.751996061)
447,447,RER,RER E,669151.4422999993,6858203.1510999985,POINT (669151.4422994463 6858203.150996072)
448,448,RER,RER B,651546.112499997,6860801.2806,POINT (651546.1124991281 6860801.280496089)
449,449,RER,RER E,652970.1854000017,6864719.449700002,POINT (652970.1853991579 6864719.449596104)
450,450,RER,RER A,669181.3669999987,6860397.186099999,POINT (669181.3669994461 6860397.1859960845)
451,451,RER,RER C,652321.1614999995,6849093.100499999,POINT (652321.1614991458 6849093.100396047)
452,452,RER,RER D,652056.8408999965,6870696.407200001,POINT (652056.8408991356 6870696.407096128)
453,453,RER,RER D,656871.3836999983,6845491.264800001,POINT (656871.3836992265 6845491.264696034)
454,454,METRO,METRO 9,646744.2366999984,6862245.855700001,POINT (646744.2366990432 6862245.855596096)
455,455,RER,RER C,645653.1719999984,6876374.6171,POINT (645653.1719990218 6876374.616996146)
456,456,RER,RER B,645563.2327999994,6847473.877700001,POINT (645563.232799025 6847473.877596045)
457,457,RER,RER C,650606.0,6862468.0,POINT (650605.999999114 6862467.999896094)
458,458,RER,RER B,665191.8980000019,6871985.677299999,POINT (665191.8979993768 6871985.677196128)
459,459,RER,RER C,646605.4494000003,6863071.827799998,POINT (646605.4493990425 6863071.827696095)
460,460,RER,RER A,648273.0419000015,6864028.794500001,POINT (648273.0418990735 6864028.794396102)
461,461,RER,RER C,645975.868900001,6859200.503400002,POINT (645975.8688990325 6859200.503296087)
462,462,RER,RER B,647616.9324999973,6849076.438099999,POINT (647616.9324990595 6849076.437996046)
463,463,RER,RER C,650344.9255999997,6867387.010400001,POINT (650344.9255991085 6867387.010296113)
464,464,METRO,METRO 14,650434.6278000027,6864178.3506000005,POINT (650434.6277991135 6864178.350496103)
465,465,METRO,METRO 13,649663.3303000033,6862440.1994,POINT (649663.3302991005 6862440.199296096)
466,466,METRO,METRO 2,655606.9694999978,6861106.803199999,POINT (655606.9694992016 6861106.803096087)
467,467,METRO,METRO 14,650280.1480000019,6867379.785599999,POINT (650280.1479991095 6867379.785496115)
468,468,METRO,METRO 8,647739.0763000026,6860351.753600001,POINT (647739.0762990655 6860351.753496089)
469,469,METRO,METRO 9,655211.1784000024,6861520.6226,POINT (655211.1783991992 6861520.622496091)
470,470,METRO,METRO 6,647853.8594999984,6861779.4604,POINT (647853.8594990632 6861779.460296092)
471,471,METRO,METRO 5,659623.938000001,6867515.9439,POINT (659623.9379992762 6867515.94379611)
472,472,METRO,METRO 9,648719.8025999963,6862975.3829,POINT (648719.8025990765 6862975.382796096)
473,473,METRO,METRO 1,647933.4302000031,6864157.7905,POINT (647933.430199069 6864157.790396105)
474,474,METRO,METRO 11,654272.2071999982,6863716.401000001,POINT (654272.2071991778 6863716.400896098)
475,475,METRO,METRO 14,654975.2848000005,6859428.6327,POINT (654975.2847991933 6859428.632596084)
476,476,METRO,METRO 8,660273.4464000016,6853459.355900001,POINT (660273.44639929 6853459.355796063)
477,477,METRO,METRO 8,659630.7057000026,6854566.540600002,POINT (659630.7056992793 6854566.540496066)
478,478,METRO,METRO 13,650151.8308999985,6865834.136999998,POINT (650151.830899104 6865834.136896108)
479,479,METRO,METRO 2,653853.1812999994,6864360.393399999,POINT (653853.1812991714 6864360.393296097)
480,480,METRO,METRO 1,650331.6675999984,6863130.246199999,POINT (650331.6675991075 6863130.246096099)
481,481,METRO,METRO 12,650348.5930999964,6863116.902800001,POINT (650348.5930991059 6863116.9026961)
482,482,METRO,METRO 8,650269.0473000035,6863190.004799999,POINT (650269.0472991114 6863190.004696095)
483,483,METRO,METRO 8,654803.4285999984,6861302.448800001,POINT (654803.4285991879 6861302.448696093)
484,484,METRO,METRO 5,653156.4609000012,6863563.809799999,POINT (653156.460899161 6863563.809696098)
485,485,METRO,METRO 12,651956.5293999985,6866022.573800001,POINT (651956.5293991363 6866022.573696108)
486,486,METRO,METRO 10,652658.9530000016,6860871.8079,POINT (652658.9529991527 6860871.807796087)
487,487,METRO,METRO 7,652668.4785000011,6860849.439800002,POINT (652668.4784991523 6860849.4396960875)
488,488,METRO,METRO 12,652325.9877000004,6865913.441300001,POINT (652325.9876991449 6865913.441196107)
489,489,METRO,METRO 8,656130.9689000025,6859839.919100001,POINT (656130.9688992159 6859839.918996085)
490,490,METRO,METRO 13,650559.570100002,6865452.192699999,POINT (650559.5700991149 6865452.192596106)
491,491,METRO,METRO 7,653165.6550000012,6856862.287900001,POINT (653165.6549991618 6856862.287796072)
492,492,METRO,METRO 7,652475.2899999991,6859736.7848000005,POINT (652475.289999147 6859736.784696084)
493,493,METRO,METRO 13,650643.5276999995,6864611.993700001,POINT (650643.5276991139 6864611.993596106)
494,494,METRO,METRO 13,649125.6533999965,6867249.3955999985,POINT (649125.6533990834 6867249.395496112)
495,495,METRO,METRO 6,649565.6647000015,6860511.569200002,POINT (649565.6646990972 6860511.569096088)
496,496,METRO,METRO 6,653229.9170999974,6859428.9054000005,POINT (653229.9170991589 6859428.9052960845)
497,497,METRO,METRO 13,650663.7013000026,6865075.506499998,POINT (650663.7012991174 6865075.506396105)
498,498,METRO,METRO 11,655483.9628000036,6864258.245700002,POINT (655483.962799205 6864258.245596103)
499,499,METRO,METRO 5,652693.7822000012,6859183.7267,POINT (652693.7821991531 6859183.726596082)
500,500,METRO,METRO 4,650794.4816000015,6859215.104699999,POINT (650794.4815991193 6859215.104596081)
501,501,METRO,METRO 3,652064.688500002,6863252.112199999,POINT (652064.6884991421 6863252.112096097)
502,502,METRO,METRO 4,652153.7839000002,6866234.9969,POINT (652153.7838991416 6866234.996796106)
503,503,METRO,METRO 12,647736.0143999979,6859390.482999999,POINT (647736.014399061 6859390.482896086)
504,504,METRO,METRO 11,656468.8342000023,6864291.728599999,POINT (656468.8341992212 6864291.728496101)
505,505,METRO,METRO 4,650484.0429999977,6858361.423300002,POINT (650484.0429991102 6858361.423196084)
506,506,METRO,METRO 11,652568.2853000015,6862546.516100001,POINT (652568.2852991507 6862546.515996094)
507,507,METRO,METRO 9,646444.7924999967,6861963.832899999,POINT (646444.7924990362 6861963.83279609)
508,508,METRO,METRO 12,650669.747299999,6861144.904199999,POINT (650669.7472991144 6861144.90409609)
509,509,METRO,METRO 9,653266.2316000015,6863272.0143,POINT (653266.2315991631 6863272.0141961)
510,510,METRO,METRO 9,647064.7582999989,6862898.339899998,POINT (647064.7582990495 6862898.339796095)
511,511,METRO,METRO 13,653461.3753999993,6871954.002599999,POINT (653461.3753991636 6871954.002496127)
512,512,METRO,METRO 3bis,656320.4456999972,6863728.6864,POINT (656320.4456992137 6863728.686296095)
513,513,METRO,METRO 6,651341.5781000033,6859409.322799999,POINT (651341.5780991309 6859409.322696083)
514,514,METRO,METRO 3,654496.5223999992,6862873.627799999,POINT (654496.522399183 6862873.62769609)
515,515,METRO,METRO 12,649207.5445000008,6860384.451200001,POINT (649207.54449909 6860384.451096089)
516,516,METRO,METRO 13,649744.0340000018,6862088.433499999,POINT (649744.0339991004 6862088.433396093)
517,517,METRO,METRO 7,653594.5881000012,6855341.398800001,POINT (653594.5880991697 6855341.398696071)
518,518,METRO,METRO 12,653041.8704999983,6866550.373100001,POINT (653041.8704991556 6866550.372996109)
519,519,METRO,METRO 7,652916.6086999997,6864219.202799998,POINT (652916.608699155 6864219.202696096)
520,520,METRO,METRO 4,650416.8897999972,6860627.039900001,POINT (650416.889799108 6860627.039796089)
521,521,METRO,METRO 5,657865.8989999965,6866314.133000001,POINT (657865.8989992404 6866314.13289611)
522,522,METRO,METRO 13,651021.0832000002,6867551.131200001,POINT (651021.083199121 6867551.1310961135)
523,523,METRO,METRO 7,653429.4677999988,6864734.793200001,POINT (653429.4677991633 6864734.793096105)
524,524,METRO,METRO 8,658470.4403999969,6856712.2782000005,POINT (658470.4403992526 6856712.278096075)
525,525,METRO,METRO 3,656572.0976999998,6862892.680300001,POINT (656572.0976992209 6862892.6801961)
526,526,METRO,METRO 2,647576.3598999977,6863545.1477999985,POINT (647576.3598990573 6863545.1476961)
527,527,METRO,METRO 7,653284.8752999976,6856256.228100002,POINT (653284.8752991604 6856256.227996075)
528,528,METRO,METRO 10,646165.0736000016,6860823.259100001,POINT (646165.0735990363 6860823.25899609)
529,529,METRO,METRO 7,652236.5667999983,6864316.788199998,POINT (652236.5667991414 6864316.788096101)
530,530,METRO,METRO 2,646972.750699997,6863736.1283,POINT (646972.7506990457 6863736.128196101)
531,531,METRO,METRO 10,645529.7326000035,6861136.865800001,POINT (645529.7325990268 6861136.865696094)
532,532,METRO,METRO 5,653465.9192999974,6860902.359000001,POINT (653465.9192991629 6860902.35889609)
533,533,METRO,METRO 12,651086.8143000007,6864240.7689,POINT (651086.8142991231 6864240.768796102)
534,534,METRO,METRO 1,650857.0163000003,6862909.8123,POINT (650857.0162991188 6862909.812196097)
535,535,METRO,METRO 14,654240.7123999968,6859052.766399998,POINT (654240.7123991764 6859052.76629608)
536,536,METRO,METRO 6,654488.0812999979,6860216.3939,POINT (654488.0812991818 6860216.393796086)
537,537,METRO,METRO 1,654042.5042999983,6860829.296300001,POINT (654042.5042991742 6860829.29619609)
538,538,METRO,METRO 8,659278.4619000033,6856062.839000002,POINT (659278.4618992734 6856062.8388960725)
539,539,RER,RER E,661888.378899999,6866119.1351,POINT (661888.378899315 6866119.134996107)
540,540,RER,RER B,653277.7336999997,6868857.379900001,POINT (653277.733699161 6868857.379796121)
541,541,METRO,METRO 7,653205.1423999965,6864458.3475,POINT (653205.1423991569 6864458.3473961)
542,542,METRO,METRO 2,655825.2580000013,6861486.6576000005,POINT (655825.2579992091 6861486.65749609)
543,543,METRO,METRO 4,652308.3077000007,6865018.755100001,POINT (652308.307699145 6865018.754996104)
544,544,METRO,METRO 7,651927.2958000004,6864197.961199999,POINT (651927.295799138 6864197.961096101)
545,545,METRO,METRO 4,652302.8610000014,6865384.9736,POINT (652302.8609991455 6865384.9734961055)
546,546,METRO,METRO 4,652073.3598000035,6862385.311000001,POINT (652073.3597991439 6862385.310896097)
547,547,METRO,METRO 7,651145.373999998,6863898.052099999,POINT (651145.3739991215 6863898.0519961)
548,548,METRO,METRO 5,653606.9152999967,6865109.128800001,POINT (653606.9152991644 6865109.128696103)
549,549,METRO,METRO 2,650263.2430000007,6864915.3429000005,POINT (650263.2429991083 6864915.342796103)
550,550,METRO,METRO 8,660626.3000999987,6852212.5077,POINT (660626.3000992935 6852212.507596058)
551,551,METRO,METRO 1,644988.6344000027,6865608.588300001,POINT (644988.6343990156 6865608.588196108)
