﻿INSEE_COM;NOM_COM;NB_IRIS
97401;Les Avirons;4
97402;Bras-Panon;5
97403;Entre-Deux;3
97404;L'Étang-Salé;6
97405;Petite-Île;5
97407;Le Port;16
97408;La Possession;13
97409;Saint-André;15
97410;Saint-Benoît;14
97411;Saint-Denis;64
97412;Saint-Joseph;14
97413;Saint-Leu;12
97414;Saint-Louis;19
97415;Saint-Paul;43
97416;Saint-Pierre;31
97417;Saint-Philippe;5
97418;Sainte-Marie;14
97419;Sainte-Rose;9
97420;Sainte-Suzanne;9
97421;Salazie;8
97422;Le Tampon;25
97423;Les Trois-Bassins;4
97424;Cilaos;5
